,Unnamed: 0,상품명,현재 펀딩 금액,펀딩 퍼센트,목표금액,후원자 수
0,0,프리랜서 작가로 한 달에 400~1000만 원 버는 법,"21,305,777",4261,"500,000",611명
1,1,"기독교 대천사부터 본디에이의 천사까지, <천사소개록>","81,663,900",927,"8,800,000","2,637명"
2,2,데뷔 못 하면 죽는 병 걸림 1차 공식 굿즈,"423,791,000",4237,"10,000,000","13,866명"
3,3,500가지 기호와 상징 <SYMBOLS> 심볼 사전,"158,012,700",1053,"15,000,000","4,257명"
4,4,"월간커피, 군밤과 군고구마 같은 겨울 간식 콜드브루 커피","6,730,000",1346,"500,000",306명
5,5,문 시놉시스 : 웹소설 작가가 만든 하이퍼링크 시놉시스,"38,127,535",7625,"500,000","2,960명"
6,6,세상에 없던 새로운 수채화 다이어리,"14,863,000",1486,"1,000,000",213명
7,7,웹툰&일러스트 꽃과 과일 장식 브러쉬,"5,146,000",428,"1,200,000",183명
8,8,[살인의 향기] 인류 최초의 '살인'에 대하여..,"28,317,100",5663,"500,000",666명
9,9,우리나라 역사 속 하늘세계로<찬란한 우리 천체 이야기-상>,"19,567,000",244,"8,000,000",589명
10,10,관점을 바꾸는 그림시 <뻐끔뻐끔>,"3,659,200",731,"500,000",51명
11,11,"화려한 제복의 시대 ""그림으로보는 대한제국의 군복""","11,081,000",738,"1,500,000",446명
12,12,2022년 검은호랑이[흑호] 캔버스백&폰/이어폰케이스&키링,"25,194,000",2519,"1,000,000",711명
13,13,어느 여행자가 남긴 <<판타지 설정 도감>>,"48,928,833",1223,"4,000,000","1,705명"
14,14,[압생트] 녹색의 요정은 '고흐'에게 녹색악마로 변하였다.,"22,327,000",4465,"500,000",403명
15,15,게으른 완벽주의자들을 위한 플래너 <데일리 처방전>,"14,639,000",461,"3,173,279",517명
16,16,오픈월드형 스토리텔링 보드게임 [슬리핑 갓즈 한국어판],"188,746,000",1887,"10,000,000","1,610명"
17,17,"고전에서 발굴한 해몽 기록, <꿈보다 해몽> 도감","12,098,000",604,"2,000,000",578명
18,18,방안을 가득 채울 수 있는 풀장: [프룸] 인센스 홀더,"1,020,000",127,"800,000",36명
19,19,타로와 점성술의 조합 '별 타로카드 PRO',"12,399,600",137,"9,000,000",373명
20,20,대장정의 마지막! <가담항설> 오디오 웹툰 드라마 시즌3,"91,406,000",114,"80,000,000",727명
21,21,[지옥] '지옥'의 향기을 담아내다.,"19,696,000",3939,"500,000",351명
22,22,[weDIGIDOG]상업 내부 7종 모음,"1,276,000",127,"1,000,000",29명
23,23,"<ANCIENT KOREA> 금관의 시대, 고대 한복의 멋","3,523,000",88,"4,000,000",138명
24,24,"음악을 가지다, <NFT>가 적용 된 음악을 소유할 기회","16,361,500",545,"3,000,000",103명
25,25,"내 방안의 작은 불멍, 연기폴폴 화목난로","1,600,500",320,"500,000",28명
26,26,중등수학부터 고등수학까지 한번에 정리한 <수포의 공식집>,"15,547,800",518,"3,000,000",666명
27,27,이 세상에 없는 꾸덕함! 홈카페를 완성할<모아 그릭요거트>,"10,576,600",1057,"1,000,000",247명
28,28,"베이커리의 맛을 더욱 끌어올려줄 이색 아이템, 통무화과잼","611,400",55,"1,100,000",26명
29,29,"1~4인까지, 협동 타이쿤 [Turn the Line!]","7,002,000",233,"3,000,000",89명
30,30,진정한 사랑과 행복을 찾아서 <True Love>,"3,063,600",122,"2,500,000",62명
31,31,웹툰 <퀴퀴한일기> 단행본 & 캘린더 & 다이어리 제작!,"39,972,000",399,"10,000,000","1,166명"
32,32,스케치업 웹툰배경 - 로판 대신전세트 Part - 2,"12,069,600",1206,"1,000,000",99명
33,33,살짝... 설렜을지도... 다 함께 메이킹 BL ~학원편~,"19,934,600",362,"5,500,000",568명
34,34,목공인의 필독서! 목공에 관한 모든 것을 담은 책,"10,240,000",204,"5,000,000",153명
35,35,기다리고 기다렸다! 창작자를 위한 테크웨어 브러쉬,"20,293,000",1352,"1,500,000",415명
36,36,러시아 아방가르드의 이론과 실제 : 말레비치와 그의 학파,"3,723,800",250,"1,488,000",97명
37,37,"불로장생을 상징하는 10가지의 물상, 십장생 노리개와 키링","444,900",88,"500,000",21명
38,38,네이버웹툰 <독립일기> 자까 무드등 & 미니휴지통,"19,851,000",198,"10,000,000",470명
39,39,가나슈를 즐기는 또 하나의 방법 트러플 초콜릿,"10,692,200",678,"1,576,800",196명
40,40,새해엔 우리 <희망을 버려요>!! 염세주의자를 위한 그림책,"1,977,200",197,"1,000,000",86명
41,41,"색이 말해주는 나의 감정, 감정카드 <컬러 유어 이모션>","13,589,000",905,"1,500,000",423명
42,42,"웹툰, 일러스트를 위한 헤일로 후광과 문양 브러쉬!","12,705,000",1270,"1,000,000",385명
43,43,해양폐기물을 이용해 재 탄생한 작은 바다,"551,000",110,"500,000",19명
44,44,새해 액운을 무찌르는 나만의 수호신- 오방색 플라옥노리개,"10,981,680",1098,"1,000,000",165명
45,45,종이로 옮겨간 플레이리스트 [뮤직 다이어리],"2,566,000",366,"700,000",112명
46,46,19세기 말 런던의 금수양복점 <금수를 위한 의복가이드>,"2,858,000",285,"1,000,000",100명
47,47,왕이 사랑한 보석같은 궁중디저트를 선물합니다.,"7,470,000",747,"1,000,000",102명
48,48,친절한 미디 작곡 입문서 <비트메이킹 1:1 레슨>,"2,420,000",242,"1,000,000",96명
49,49,네이버웹툰 <당신의 과녁> 1-5권 완결판 단행본 제작,"29,772,000",2977,"1,000,000",368명
50,50,당신만 초대받았어요. 비밀의 유니콘 마법 포션 향수,"33,848,000",6769,"500,000",540명
51,51,"내가 완성하는 매거진북, __는 이렇게 말했다","1,831,200",366,"500,000",103명
52,52,이번 새해선물은 겨울입니다.<겨울 한 권><겨울 한 박스>,"520,600",104,"500,000",14명
53,53,"1인 가구 생활백서, <혼자서도 잘살 수 있어!>","1,599,000",53,"3,000,000",115명
54,54,QR을 찍으면 영상으로 해석해 주는 타로카드 <타로메이트>,"27,805,800",695,"4,000,000",873명
55,55,"<천라사신단> 모집! 망토제복과 휘장, 보구를 갖춰보세요.","15,990,000",319,"5,000,000",156명
56,56,2022년 수묵 담채 호랑이 탁상용 캘린더 2종,"3,044,000",101,"3,000,000",132명
57,57,[달콤하지만 당이 1g이하!] 저당 햇땅콩 카카오 그래놀라,"5,692,000",406,"1,400,000",202명
58,58,카카오를 70시간 맷돌에 갈아만든 찐 생초콜릿 케이크,"11,981,800",1198,"1,000,000",146명
59,59,<금목서 > 세이렌의 노래 그 찬란한 아름다움,"4,231,000",846,"500,000",129명
60,60,"2022년, 꽃길만 걷자! 조선의 꽃을 담은 [복조리백]","1,387,300",277,"500,000",40명
61,61,"<마담 보바리>, 이브 생로랑의 옷을 입다.","4,380,000",146,"3,000,000",98명
62,62,"감싸안고 싶은 포근함, 호텔에서 느껴본! 4계절 고밀도침구","2,532,850",506,"500,000",13명
63,63,"소중한 반려동물, 펫 유산균으로 챙기는 장 건강","946,000",189,"500,000",11명
64,64,MZ세대의 진로 고민 워크북 <그래서 난 뭐하지?>,"1,904,000",317,"600,000",91명
65,65,반전매력! 순수하고 음란한 연인들의 앤디카드,"2,395,000",299,"800,000",90명
66,66,"버려진 오렌지 껍질에서 발견한 희망, 제3회 구지독립영화제","1,619,000",107,"1,500,000",70명
67,67,웹툰 필수 등장 배경! 다양한 디자인의 복도 총출동!,"7,804,200",1560,"500,000",264명
68,68,[배경키트X스냅툰] 웹툰 로판 대저택 세트,"16,840,000",1684,"1,000,000",158명
69,69,마음이 비치는 { 이음 우체국 },"8,007,000",320,"2,500,000",87명
70,70,하얗고 포근한 눈을 닮은 살냄새 향수 <스노이>,"3,314,500",662,"500,000",75명
71,71,여성의 공포와 불안을 쓰다,"6,583,000",658,"1,000,000",108명
72,72,"새로운 한해를 꽃향기로 채워줄, 베스트 오프 파나마 게이샤","490,000",98,"500,000",9명
73,73,후가공 박을 한 곳에 담다! 2022 쿠르즈 컬러 시스템,"4,670,000",934,"500,000",123명
74,74,"세레노 정규 5집, MY WAVES","34,139,225",426,"8,000,000",439명
75,75,모두의 추리로 완성되는 마피아 게임 [죄수들의 밤],"21,359,900",711,"3,000,000",646명
76,76,포토샵과 일러스트레이터로 세상 모든 굿즈 만들기,"2,800,000",560,"500,000",81명
77,77,스케치업 자연물 3종,"14,248,000",1424,"1,000,000",281명
78,78,"안기고 싶도록 따뜻한 향기, 니티허그 향수","9,700,000",969,"1,000,000",198명
79,79,앙큼한 소녀들의 필수템! 핑크빗치클럽 6공 다이어리 패키지,"25,943,300",370,"7,000,000",587명
80,80,"빛을 따라 기록한, <LIGHT> 엽서북과 아크릴포스터","5,143,000",1028,"500,000",164명
81,81,북디자이너와 함께하는 <내책 만들기 나의 워크북>,"4,744,000",948,"500,000",174명
82,82,"따뜻하고 아름다운 힐링 판타지, <소원을 이루어주는 섬>","4,451,000",445,"1,000,000",303명
83,83,"악몽을 먹어드릴게요, '불가살' 중치막 로브","18,525,000",926,"2,000,000",148명
84,84,동남아 향취를 가득 담은 '미얀마 코코넛밀크 국수' 밀키트,"2,716,600",271,"1,000,000",118명
85,85,초능력자들이 사는 곳<도시>,"8,695,000",57,"15,000,000",373명
86,86,몽실몽실 보들보들 <피누&마요> 겨울 콜라보 굿즈,"12,273,000",818,"1,500,000",318명
87,87,"' 신에게 선택받은, 단 하나의 부족 ' <PRAY>","1,240,000",82,"1,500,000",53명
88,88,한 달에 300만원 네이버 카페로 평생 월세받기,"2,840,750",568,"500,000",98명
89,89,나 요즘 어떻게 지내? 나에게 답하다. <셀프카운슬링북>,"9,907,200",1981,"500,000",221명
90,90,"옛 것의 새 활용, 한복 곱창밴드","2,702,200",540,"500,000",248명
91,91,[은목서] 오스만투스 블라썸 '파퓸드블랑',"4,253,000",850,"500,000",96명
92,92,"매일 손이 가는 한복, '라빔 마고자& 단청바지'","658,000",65,"1,000,000",7명
93,93,"누가 왕이 될 상이냐, <일월오봉도> 페이퍼 아트 액자","354,000",6,"5,400,000",7명
94,94,"미안,.내가 붕어빵 다 먹었다옹. 먹보냥 에어팟케이스","1,940,600",64,"3,000,000",93명
95,95,"일러스트, 웹툰을 위한 아르누보풍 유니크 브러쉬","14,406,000",1440,"1,000,000",399명
96,96,"동양을 담은 관능 한방울 ""오리엔탈 로즈&베일""향수","9,527,500",952,"1,000,000",182명
97,97,나만의 향을 담다 : 스톤디퓨저 [담향],"2,985,000",298,"1,000,000",41명
98,98,2022년 나와의 약속을 각인시켜 줄 '작심반지',"1,384,000",276,"500,000",31명
99,99,"로판, 아르누보풍 클립스튜디오 창작 소재 100종","13,888,000",1388,"1,000,000",409명
100,100,"트랜스들의 이야기, [트랜스젠더도 마라탕을 좋아하나요?]","2,833,500",101,"2,800,000",172명
101,101,조주(Jojoo) 첫 EP앨범 [지도] 제작,"2,527,000",101,"2,500,000",82명
102,102,"에이미, 끔찍한 악몽의 굴레에서 벗어나게 해줄게!","3,039,800",202,"1,500,000",72명
103,103,"크림 도구점의 빨간포션, 파란포션 [Must have!]","1,237,400",247,"500,000",66명
104,104,이 한정판 구성은 지금뿐. <제자와 연인 사이>,"4,511,200",151,"2,970,000",142명
105,105,믿고쓰는 샴푸바! 환경과 두피를 생각하는 비건 고체 샴푸,"3,581,800",358,"1,000,000",62명
106,106,이번 겨울 포근하게 안아줄 사과 블렌딩티 <허그미애플티>,"2,017,300",403,"500,000",90명
107,107,"음양사 아베노 세이메이의 비전, 점사략결의 최초 완역본","51,990,000",1039,"5,000,000",421명
108,108,제주 바닷가 작은 집 이야기 <윤시 아야>,"1,599,000",319,"500,000",36명
109,109,"세상에 남기는 나의 마지막 기록, 유서 노트","3,548,000",354,"1,000,000",164명
110,110,전설의 체스 그랜드마스터 카파블랑카의 책 '체스의 기본',"1,738,000",173,"1,000,000",93명
111,111,"지금 이 순간의 감정을 담은 다이어리, <EMO-MENT>","5,380,450",179,"3,000,000",93명
112,112,쉴때도 불안한 당신을 위하여 <Vinyl : 비효율모음집>,"3,405,000",130,"2,600,000",122명
113,113,카페에서 다각도로 사용가능한 엑스트라입니다.,"299,600",59,"500,000",56명
114,114,목포 바다를 지켜요 ! 100% 국내 리사이클링 나들이가방,"2,411,000",120,"2,000,000",51명
115,115,[용기내 챌린지]귀여운 수달캐릭터를 담은 빵순이 식빵용기,"1,959,300",391,"500,000",96명
116,116,고~백 쿠키! 고백해!,"3,943,600",394,"1,000,000",122명
117,117,나랑 손씻으러 가지 않을래? 너를 위해 준비했어 '캡슐솝',"5,723,000",572,"1,000,000",134명
118,118,아르누보 시그림책<멀고도 가까운 노래들>1900년초판 복간,"14,384,000",287,"5,000,000",227명
119,119,네이버웹툰 < 아홉수 우리들> 문구 세트,"4,641,000",46,"10,000,000",101명
120,120,호기와 려니의 주황빛 청주여행 <청주화투>,"1,695,000",169,"1,000,000",47명
121,121,발달장애인과 함께 더불어 꿈꾸는~ 향기 담은 보습 비누!!,"1,873,350",374,"500,000",47명
122,122,뉴에이지 아티스트 웨일의 첫 번째 정규앨범,"3,109,000",124,"2,500,000",43명
123,123,SF영화 속 괴물들의 해부도해 <SF 괴수괴인 도해백과>,"8,318,800",554,"1,500,000",370명
124,124,세련된 편집 디자인을 돕는 레이아웃 디자인 키트,"10,610,600",353,"3,000,000",241명
125,125,여성이라는 소수자 속 또 다른 소수자 <귀여운 할머니>,"1,109,000",110,"1,000,000",30명
126,126,밀레니얼 도시 경관 매거진 특별호 [ULC B호],"557,000",111,"500,000",24명
127,127,당신 뇌를 200%가동할 신약?[좀비런:Limitless],"15,106,000",755,"2,000,000",340명
128,128,커피 사용설명서? 커피 운영 A부터 Z까지,"3,551,000",710,"500,000",143명
129,129,언제 어디서든 간편하게 즐기는 커피티백 (feat. 선일),"544,000",108,"500,000",19명
130,130,"메모 더 월, 중요한 걸 잊지 않기 위해","3,859,000",385,"1,000,000",39명
131,131,진짜 속마음이 궁금해? 투표게임 쓰리포!,"1,305,000",186,"700,000",45명
132,132,"한반도의 푸르른 바다를 내 방에, < 방구석 바다여행 >","751,000",150,"500,000",13명
133,133,"떡볶이 도감 업데이트할 준비! 신종 ""들깨떡볶이""","348,000",69,"500,000",13명
134,134,지속 가능 다이어트를 위한 <self 식단 코칭 book>,"274,500",39,"700,000",14명
135,135,떡볶이의 시작과 끝 파도즉석떡볶이,"354,700",35,"1,000,000",13명
136,136,불세출의 록 보컬 박근홍의 오버드라이브필로소피,"5,061,999",92,"5,500,000",104명
137,137,"비전공자도 엑셀+도서로 쉽게, 데이터 분석 실전 마스터","2,931,000",586,"500,000",67명
138,138,쉽게 따라하는 <아이패드 어반 드로잉>과 손그림용 브러쉬,"3,212,000",321,"1,000,000",111명
0,0,[라 보라카이] 황홀한 선셋의 향기 '비포 선셋',"1,872,000",374,"500,000",24명
1,1,"일상에 낭만을 더하는 다이어리 키트, <하이틴 타임>","112,000",22,"500,000",6명
2,2,"버티지 않는 삶에 관하여, <하기 싫은 건 하지 않는다>","1,065,200",53,"2,000,000",25명
3,3,"기획자를 위한, 의한 영감노트 ""I am into____""","66,000",2,"2,500,000",4명
4,4,나랑 손씻으러 가지 않을래? 너를 위해 준비했어 '캡슐솝',"5,723,000",572,"1,000,000",134명
5,5,"인류에게 고하는 가장 화려한 작별, <잊혀진 것들의 도시>","8,812,000",881,"1,000,000",389명
6,6,50년 된 목욕탕의 마지막 모습 <인류 최후의 목욕탕>,"1,687,000",337,"500,000",56명
7,7,미얀마 민주화 투쟁 연대시 번역본 (미얀마어 영어) 발간,"2,834,000",47,"6,000,000",57명
8,8,아르누보 시그림책<멀고도 가까운 노래들>1900년초판 복간,"14,384,000",287,"5,000,000",227명
9,9,언제 어디서나 간편하게 즐기는 브루스 브라더스 드립백 커피,"4,231,000",846,"500,000",193명
10,10,네 명의 방랑자가 전하는 기묘하고 유쾌한 여덟 빛깔 이야기,"1,794,623",179,"1,000,000",49명
11,11,"내 마음의 아픔 해결법, <마음을 읽고 싶은 당신에게>","8,632,000",86,"10,000,000",47명
12,12,제주 백록담의 전설 백로기의 행운을 담은 아우터 세트,"3,459,000",230,"1,500,000",45명
13,13,2022년 조선 호랑이 뱃지들,"430,850",86,"500,000",29명
14,14,"달콤한 매력에 농염한 마력까지!체리에 반하다,체리머스크향수","5,873,400",839,"700,000",128명
15,15,"로판에 어울리는 아르누보, 바로크풍의 프레임과 패턴, 문양","5,982,000",598,"1,000,000",192명
16,16,바닐라 향에 진심인 조향사가 선보이는 따스한 바닐라 향수,"10,416,000",1041,"1,000,000",129명
17,17,비대면 시대 연애 비쥬얼 노벨 <맛있는 사랑>,"3,548,000",177,"2,000,000",96명
18,18,길 잃은 크리스천을 위한[하나님 제 얘기 좀 들어보세요],"995,600",99,"1,000,000",32명
19,19,내 손 안의 작은 바다 <숨비와 파도 반지>,"23,185,000",772,"3,000,000",273명
20,20,"달콤쌉쌀한 체리콕과 가죽, 늦은 밤 도시 속 외로움의 향","4,027,000",402,"1,000,000",83명
21,21,그림과 함께 맛보는 카페투어 <커피 로그 라이프:서울55>,"2,861,500",119,"2,400,000",84명
22,22,살고 싶다는 바람이 죽음을 향해 분다면,"621,400",41,"1,500,000",18명
23,23,"시인보호구역 10년 그리고 미래, 그리고 작가를 소개합니다","215,000",27,"777,777",14명
24,24,"내 마음이 투명하다면, 울창한 숲일지도 몰라","2,753,500",393,"700,000",93명
25,25,[Interpret nature] - 자연을 해석하다.,"883,000",126,"700,000",22명
26,26,"넣으면 사라지는, <What's In My Box>","906,000",53,"1,700,000",30명
27,27,떡볶이의 시작과 끝 파도즉석떡볶이,"354,700",35,"1,000,000",13명
28,28,[로판웹툰 스케치업]_빅토리아 시대의 거리,"3,579,600",357,"1,000,000",44명
29,29,[스케치업] 판타지 6왕국 프로젝트,"11,255,000",1125,"1,000,000",119명
30,30,<80일간의 우주여행 -Flight for us->,"5,331,000",106,"5,000,000",115명
31,31,~와 함께 걷는 2022 동행 다이어리,"1,290,000",129,"1,000,000",32명
32,32,Ikki 싱글 프로젝트 : Be There,"405,000",73,"550,000",16명
33,33,매트리스 곰팡이 귀신의 탄생과 죽음의 추적,"1,671,000",66,"2,500,000",31명
34,34,[스냅툰&바이스케치 웹툰 배경] 견습생의 아카데미 세트,"21,027,000",2102,"1,000,000",161명
35,35,한일 싱어송라이터 우아한의 음원제작 프로젝트,"2,650,000",265,"1,000,000",40명
36,36,본캐 디자이너의 부캐 앨범[서른살의 내가 스무살의 나에게],"2,511,800",69,"3,600,000",108명
37,37,"디자인도 편안함도 포기하지 못할 땐 ""콘페티 이지 팬츠""","1,422,800",71,"2,000,000",19명
38,38,완도살롱 폐업기 <NO TIME TO DIE>,"2,456,000",62,"3,900,000",46명
39,39,"변함없이 변하는 것들을 담다, <숨;빛 케이스>","94,900",17,"550,000",3명
40,40,불끈불끈 호랑이 기운이 솟아! 오버핏 기모 맨투맨,"174,000",6,"2,800,000",3명
41,41,대학문학상 수상 창작극 '작자 미상 수정 배포 자유',"95,000",6,"1,500,000",3명
42,42,교육 소외 국가 어린이에게 동화책을 선물하는 윙윙패키지,"35,000",2,"1,500,000",3명
43,43,"아기자기한 정원사 트럼프 "" 가든 트럼프 ""","2,210,000",49,"4,500,000",92명
44,44,"월간 피카타임 2022년 1월호 ""HappyNewYear""","3,006,500",601,"500,000",68명
45,45,여성의 삶을 재정립하다 <페미니즘 전시회: 프로젝트 여생>,"3,698,000",194,"1,900,000",239명
46,46,홍삼도 비건하세요! 나와 지구를 위한 웰스미 비건 홍삼스틱,"3,126,000",312,"1,000,000",35명
47,47,다이스 배틀 보드게임 <트랑가 : 섬의 해적들>,"1,490,000",18,"8,000,000",34명
48,48,당신의 분실물은 지금 어디에 있나요? <분실물 보관소>,"3,215,000",459,"700,000",149명
49,49,결혼과 이주가 함께 왔다 <거기까지 가서 그렇게까지>,"5,264,333",526,"1,000,000",232명
50,50,공간에 따스한 감도를 더하는 한지오브제: LAYER149,"3,689,000",368,"1,000,000",26명
51,51,항상 곁에서 나쁜 꿈을 막아 주는 든든한 <북청사자 바우>,"5,861,000",87,"6,700,000",90명
52,52,[웹툰 배경] 당신을 위한 주거공간 패키지,"9,313,000",931,"1,000,000",165명
53,53,사수 없이 나 홀로 일하는 디자이너의 100주 기록,"822,000",164,"500,000",53명
54,54,"슈트핏을 세우자! 570여 개의 슈트 이미지_클립, 포토샵","5,729,000",572,"1,000,000",165명
55,55,갓생? 갓담? 신선한 재료로 만드는 DIY 갓담금주 키트,"926,000",185,"500,000",20명
56,56,"전설의 로보트, 태양의 사자 철인28호 1기(DVD,BD)","22,311,000",148,"15,000,000",161명
57,57,수술실 간호사의 it-book <수술실 별쌤 Vol.1>,"2,590,000",86,"3,000,000",69명
58,58,오방색의 다섯 가지 색을 담은 [오방색 노리개 백참],"5,484,000",1096,"500,000",93명
59,59,"라오스, 14일의 기록 <정민이의 호기심 여행>2편","1,605,000",80,"2,000,000",38명
0,0,서로에게 어른이 되어가는 법을 배우는 <열여덟 서른아홉>,"3,281,000",58,"5,600,000",58명
1,1,포토샵보다 쉽다! 핫한 무료 디자인 툴 '피그마' 가이드,"5,177,000",369,"1,400,000",174명
2,2,45년 전 로코만화? 1976년작 <여학생남학생>,"2,555,000",85,"3,000,000",102명
3,3,"알브레히트 뒤러의 '기도하는 손', 희생과 치유의 인센스향","599,500",59,"1,000,000",15명
4,4,"새해 소망을 띄워봐요 제주바다에, 유리 문진과 달력","3,009,000",601,"500,000",66명
5,5,[스냅툰+로.웹.제]로판 대공님의 성 대저택 12종 패키지,"16,951,000",1695,"1,000,000",129명
6,6,"뇌인지과학 전공생이 그린, <만화로 보는 뇌과학 이야기>","3,532,650",706,"500,000",181명
7,7,"내 손 안에 머무는 별이 따스하다, '별과자기 시온머그잔'","10,188,000",339,"3,000,000",116명
8,8,"몽마르뜨르로 떠나는 기묘한 여행, <파리의 아메리카노>","2,361,200",236,"1,000,000",59명
9,9,탈코르셋 다큐멘터리 '목줄을 끊으려는 여성들에게',"5,875,869",106,"5,500,000",260명
10,10,죽음을 결심한 밤에 찾아온 <나의 상냥한 사신>,"189,000",18,"1,000,000",13명
11,11,4테마 판타지 오브젝트 소재 [SUNDOWN],"78,000",15,"500,000",13명
12,12,책한권으로 330만원 번 모든 노하우/얼리버드 8900원,"704,800",140,"500,000",52명
13,13,믹스커피보다 간편하게! 물에 타먹는 진한 수제식혜 베이스.,"673,000",134,"500,000",24명
14,14,"감성 패브릭 달력! 일년 365일, 고양이로 물들다.","685,700",34,"2,000,000",26명
15,15,마을P.1[공원/주택/빌라/상가/아파트/옥상거리꾸미기소품],"3,870,000",387,"1,000,000",47명
16,16,누구나 호랑이가 될 수 있다 BORN TO BE TIGER,"3,844,000",128,"3,000,000",49명
17,17,[모모링]사랑스러운 아가토끼 아이패드 파우치,"1,223,000",122,"1,000,000",24명
18,18,"남겨진 것들의 아름다움, <발자국 은반지>","1,035,000",206,"500,000",25명
19,19,"그날, 숲이 나에게 전해 줄 기억 <소원 담은 테라리움>","2,296,500",153,"1,500,000",46명
20,20,다시 모인 직장인들의 사진 이어달리기 <사진으로 바톤터치>,"2,592,000",64,"4,000,000",81명
21,21,R-ETROZ: Re-Enter The Room Of Z,"95,000",11,"800,000",9명
22,22,당신에게도 찬란했던 순간이 있나요? 단편만화집 <찬란>,"213,000",10,"2,000,000",9명
23,23,[숏트롱크루즈] 단편영화 세상을 항해하는 3개월간의 여정,"1,968,000",196,"1,000,000",40명
24,24,영감은 '디깅'하고 써먹어야 제맛이니까.,"1,066,900",133,"800,000",43명
25,25,"즐겁고 '짭짤'하게 사는 법, <나의 짭짤한 작은 상점>","1,856,000",80,"2,300,000",78명
26,26,"스카프를 한 매트, Place Your Love Here","1,052,600",52,"2,000,000",10명
27,27,웅수다만의 특색이 담긴 구움과자 6종 세트,"1,198,000",239,"500,000",42명
28,28,상큼한 귤호떡을 집에서도 간편하게 소은 귤호떡 밀키트,"1,114,000",185,"600,000",52명
29,29,국제앰네스티 편지쓰기캠페인 공식 굿즈,"1,328,000",132,"1,000,000",62명
30,30,"당신에게, 2021 당신의 조각을 담아.","1,222,000",122,"1,000,000",13명
31,31,[2022 캘린더] 위기에 처한 동물들을 구해주세요!,"517,900",103,"500,000",24명
32,32,"성장하는 3개월을 만드는 다이어리 [삶, 삼]","1,845,000",92,"2,000,000",52명
33,33,"타임슬립 로맨스 오디오드라마, <사랑은 없는 것처럼>","33,108,000",60,"55,000,000",281명
34,34,"별나라 아이들의 작은 이야기 퍼즐 게임, [루나 스도쿠]","939,000",46,"2,000,000",23명
35,35,"[설탕 걱정없는 맛있는 요리]당빼! 제육볶음, 간장불고기","288,400",14,"2,000,000",6명
36,36,향이 흐르는 곳:[향유] 콘 인센스 홀더,"3,284,000",328,"1,000,000",57명
37,37,[스페셜]웹툰에 최적화 된 엑스트라,"2,144,000",214,"1,000,000",87명
38,38,우리가 '사는' 이유 & 나에게 쓰는 편지,"781,000",156,"500,000",30명
39,39,김아현 싱글 앨범 'A Winter Ago' 제작,"1,163,000",116,"1,000,000",18명
40,40,또 다른 지구의 모습을 담은 엽서북 <oval earth>,"2,195,222",439,"500,000",75명
41,41,1992-2021 우리시대의 에세이스트 <서경식 다시읽기>,"3,683,000",184,"2,000,000",87명
42,42,피천득 문학전집(전7권):금아 피천득선생 서거15주기 기념,"3,470,000",9,"35,000,000",38명
43,43,멸종위기 1급 두루미를 위한 <도로미 팔찌>,"513,000",102,"500,000",25명
44,44,"당신의 손으로 선택하는 소설의 결말, OR PROJECT","870,000",87,"1,000,000",33명
45,45,커피 한 잔 가격으로 만나는 삶의 여유!,"258,000",51,"500,000",24명
46,46,시한부 여배우의 꿈 - 영화 <속절없는 쪽으로>,"2,195,200",36,"6,000,000",36명
47,47,"변함없이 변하는 것들을 담다, <숨;빛 케이스>","94,900",17,"550,000",3명
48,48,대학문학상 수상 창작극 '작자 미상 수정 배포 자유',"80,000",5,"1,500,000",2명
0,0,"화이트 티, 우아한 향에 취할 수 있으니 조심하세요!","3,911,100",782,"500,000",56명
1,1,쏭지니어 버스킹 에세이 <배낭 대신 기타 메고 떠납니다>,"1,440,600",144,"1,000,000",48명
2,2,인연을 놓치고 싶지 않다면 <그게 다 사랑이었나봐요>,"1,210,000",121,"1,000,000",40명
3,3,스케치업 웹툰배경 - 어떤 서커스,"1,430,000",286,"500,000",51명
4,4,진소라의 '숨은 냥이 찾기' 엽서책,"6,339,000",211,"3,000,000",203명
5,5,부산 여행의 추억 <영도 마그넷> 시리즈,"815,000",163,"500,000",29명
6,6,이동책방 북다마스의 기록 <이토록 작은 세계로도>,"5,093,785",339,"1,500,000",189명
7,7,"소소하지만 확실한 전통 패션, 쌍학&쌍호 흉배 양말.","891,000",148,"600,000",27명
8,8,Fitd로 돌아온 판타지 - 포지드 인 던전,"9,088,000",139,"6,500,000",206명
9,9,[그림책] 초등학생들이 밝힌다! IT의 성차별 핫IT슈,"1,065,800",71,"1,500,000",29명
10,10,"나의 일상에 죽음을 선물하다, 청춘유언","1,565,000",44,"3,500,000",79명
11,11,육아라는 팀플에 더이상 무임승차를 거부한다! <부모익힘책>,"4,032,000",161,"2,500,000",78명
12,12,"퍼스널, 퍼사장, 그리고 <나는 왜 말이 많은가>","4,099,000",58,"7,000,000",97명
13,13,산책하는 계절을 간직한 엽서북 < 여기 너를 위한 위로 >,"745,000",149,"500,000",25명
14,14,영도의 원물과 크리에이터의 콜라보.섬.영도영감프로젝트,"607,000",121,"500,000",34명
15,15,신년운세는 어디에서 볼까? 무당은 어떤 직업일까?,"1,328,500",66,"2,000,000",65명
16,16,아파트 단지&집 내부 2종 [웹툰 3D스케치업 배경],"2,800,000",560,"500,000",110명
17,17,놀이터에서 만나요! 우리는 <네트워크에 연결 중입니다>,"883,500",110,"800,000",32명
18,18,"집에서, 학교에서 체험키트로 즐기는 노는꾸러미 수상한극장","965,000",44,"2,189,000",24명
19,19,대한민국 유일한 야생차 명인이 빚어낸 K-전통차,"4,707,000",470,"1,000,000",87명
20,20,싱어송라이터 CRISPY의 1st EP앨범 ['94] 발매,"2,761,000",110,"2,500,000",23명
21,21,매운맛 게임 ALTF4!! 공식 피규어 굿즈를 소개합니다.,"2,536,000",101,"2,500,000",33명
22,22,"감성 만화 - 응답하라, PARIS!","4,249,800",424,"1,000,000",137명
23,23,영비누의 새 싱글 <I don't know> MV 제작,"1,660,000",110,"1,500,000",21명
24,24,부담감을 구워삶을 때 쓴 기록 <망하려고 만든 게 아닌데>,"1,600,000",123,"1,300,000",48명
25,25,"상실이 만연한 이곳, <사랑이 넘치는 도시>","513,022",73,"700,000",20명
26,26,"날카롭게 아름다운 폰트, 가시명조체 제작 프로젝트","1,320,000",44,"3,000,000",20명
27,27,"[돈비토 판타지 배경 프로젝트1] 중세 여관, 병영","940,000",47,"2,000,000",19명
28,28,"산호의 색을 되찾다, 폐플라스틱 업사이클링 키링","1,094,300",218,"500,000",56명
29,29,"나를 180도 변화시킬 180개의 기록, 180도 다이어리","3,584,050",238,"1,500,000",102명
30,30,"오늘과 내일이 다른 가방, 사계절을 함께 시작할 사월백","1,916,700",191,"1,000,000",64명
31,31,빵실한 새가 앉아있는 마블 물결 트레이,"601,400",120,"500,000",26명
32,32,"삶, 사람, 사랑 <사랑은 불협화음>","562,000",112,"500,000",17명
33,33,2022년 행운을 밀어 넣어 줄 8번 곰!,"2,330,500",466,"500,000",76명
34,34,두 작가의 작은 전시회. 엽서북 사진'전',"2,082,999",416,"500,000",36명
35,35,스티커로 꾸미는 내 마음은 어떨까? : 컬러풀 질문다이어리,"2,227,900",405,"550,000",61명
36,36,K-전통 감성 원마일웨어 '쾌자 긴 조끼',"3,125,000",312,"1,000,000",22명
37,37,"한다, 한다 말할 때 두근거리는 독립문예지 ""Handa""","1,978,000",197,"1,000,000",83명
38,38,사랑스러운 캐릭터들의 정원과 축제를 담은 책 <비리던스>,"1,565,000",43,"3,600,000",26명
39,39,"우리는 ( )에 관해 말합니다, <가시화>","342,600",11,"3,000,000",15명
40,40,힙시크한 그리고 더 깊어진 매듭 <킹블랙>,"14,660,000",2255,"650,000",195명
41,41,제 5회 1맵1치킨 알만툴대회 with 플레임,"3,054,000",305,"1,000,000",185명
42,42,"스페인요리 치트키, 까탈루냐에서 온 <로메스코 소스>","1,238,000",82,"1,500,000",36명
43,43,<웰컴2022 달력> 2022년을 아름답게 시작해보세요!,"399,000",66,"600,000",15명
44,44,"새해 첫 선물 ""빛나는 그림자"" 자개 공예 diy키트","3,026,000",605,"500,000",73명
45,45,[사랑한다면 뽀뽀] 강아지와 산다는 건 어떨까요?,"1,205,000",126,"950,000",56명
46,46,"평범한 레즈비언, 나라와 아인의 이야기 <인어의 나라>","5,542,000",110,"5,000,000",77명
47,47,"단오의 햇볕을 품에 한아름, 양기 가득 쑥범이 인형!","901,000",60,"1,500,000",24명
48,48,"<일본에서> 좋은 소재로 바르게 만든 안경 99,000원","2,570,000",257,"1,000,000",30명
0,0,로맨스 판타지 웹툰을 위한 꽃/초목/잎 브러쉬,"2,452,000",245,"1,000,000",86명
1,1,"고성에서 태어난 고급 반려동물 먹거리, 지역 살린다!","2,410,000",241,"1,000,000",74명
2,2,[뉴밍] 결식아동에 대한 관심을 촉구하는 시리얼컵&유리컵,"621,500",83,"745,000",32명
3,3,"플랜비 매거진 6호 <돈 벌 궁리, 돈 쓸 궁리>","760,000",76,"1,000,000",24명
4,4,"혼자서도 승, 하차 가능한 리프트 휠체어","671,000",55,"1,200,000",14명
5,5,"로컬푸드의 변신; 안심하고 짜먹는 복숭아, 녹차밀크 튜브잼","2,494,000",498,"500,000",67명
6,6,"(195종 브러쉬) 컬러,섬광,은선 이펙트효과 브러쉬 모음","1,230,000",123,"1,000,000",35명
7,7,"따스함을 담은 바로크진주 목걸이, 담수진주 이어링 Set","508,200",101,"500,000",11명
8,8,"몸을 움직이는 사람들의 이야기, move move move","684,000",45,"1,500,000",29명
9,9,Ordinary / 평범한 일상이 새로움으로 전환되는 순간,"357,000",27,"1,300,000",11명
10,10,헤일로 커스텀 세트와 장식 브러쉬,"5,185,000",518,"1,000,000",120명
11,11,"조금 더 가까워진 이지와 백, 꼭 껴안아주세요","1,571,000",157,"1,000,000",19명
12,12,"'좋아요'로 전할 수 없는 마음, 절기 엽서에 담아보세요","517,000",103,"500,000",18명
13,13,"2022년을 더 알록달록하게, '색'다른 캘린더와 엽서","534,500",66,"800,000",18명
14,14,나의 삶을 마주하는 공간 온다: OWN DIARY,"326,900",64,"509,800",10명
15,15,새의 노래가 바람이 되고 햇살이 되는 모든 순간,"711,200",47,"1,500,000",21명
16,16,모든 영린이들의 이유 있는 영어 자신감 프로젝트!,"1,434,500",286,"500,000",86명
17,17,[스케치업 웹툰 배경] 세계의 무기 Part 3,"4,720,000",157,"3,000,000",82명
18,18,13살 신범서 그림책 <거북이가 꿈이에요>,"1,069,000",106,"1,000,000",34명
19,19,"가장 받고싶었던 답장, 수신인이 없는 편지","2,026,000",57,"3,500,000",47명
20,20,"나와 소중한 사람의 소원을 담아 이루는 ""드림캡슐 썬캐쳐""","265,000",53,"500,000",9명
21,21,"조형미술과 ai코딩의 융합형 콘텐츠, 코린이","484,000",48,"1,000,000",10명
22,22,특별한 작가 어디 없나? 한국판타지 <랑과 인생의 주사위>,"121,000",12,"960,000",9명
23,23,"내손으로 만드는 전통 끈 제작기구 ""다회틀 DIY""","8,647,000",1729,"500,000",68명
24,24,짝가슴은 어떤 속옷을 입나요? iMBALANCE 언더웨어,"3,372,000",281,"1,200,000",31명
25,25,영화관을 통째로 빌려드립니다! 양지리 창고,"2,080,000",208,"1,000,000",33명
26,26,기이하고 미스테리한 문양무늬 웹툰 브러쉬 100종 세트,"1,345,900",207,"650,000",42명
27,27,어서 오세요! 당신만을 위한 <수제 초콜릿 전문점 에뚜왈>,"1,677,000",167,"1,000,000",112명
28,28,Like a Candlelight! 2022 엽서 & 달력,"656,010",131,"500,000",28명
29,29,(출판)뉴욕을 이야기하고 그리다 '미쳐야 뉴요커가 된다',"4,146,000",103,"4,000,000",57명
30,30,하윤의 '종이배' 싱글 앨범 제작 프로젝트,"947,000",63,"1,500,000",27명
31,31,"[cookie] 집에서 느끼는 파리의 낭만, 인하트 쿠키","598,600",59,"1,000,000",15명
32,32,진짜 인생은 60부터다,"310,000",31,"1,000,000",9명
33,33,"하예지 1st EP '심연' 앨범,뮤비 제작에 동참해주세요","475,000",23,"2,000,000",8명
34,34,2022년에는 나도 해봄!,"118,000",21,"550,000",8명
35,35,향을 타고 내려오는 도깨비 인센스 홀더: 행운을 남기다,"4,000,800",800,"500,000",68명
36,36,"400개의 3D 얼굴 표정!!(클립,포토샵,스케치업)","4,072,000",407,"1,000,000",122명
37,37,<마인드 웨더> 질문 카드 : 오늘 내 마음의 날씨는?,"4,622,200",231,"2,000,000",96명
38,38,"나만의 동화를 만들어봐요, [모아노리 그림카드]","1,132,000",226,"500,000",42명
39,39,"바다와 관련된 출판물 3종 : 에세이, 사진집, 포토에세이","1,006,777",201,"500,000",36명
40,40,케이크의 초를 부는 순간을 담은 엽서북 <8moments>,"872,000",174,"500,000",33명
41,41,불멍 미니벽난로! 옹기토로 만들었어요,"639,000",127,"500,000",13명
42,42,"유기농목화로 만든 양말, 얼씨와 함께 지구를 지켜요.","1,219,000",121,"1,000,000",24명
43,43,"색깔로 채우고, 나를 만나다! <나를 찾는 휴카드>","1,131,000",113,"1,000,000",34명
44,44,"따뜻한 기억에 대한 이야기, <기억 잡화점>","3,873,535",77,"5,000,000",125명
45,45,귀여운 포로들의 모험 '바인(VINE)',"1,667,000",33,"5,000,000",59명
46,46,"오프닝은 교본처럼, 체스 오프닝 & 손그림 폰케이스","145,000",28,"500,000",7명
47,47,아누쿠 150가지 재질 스타일팩 - 포토샵,"1,989,000",397,"500,000",63명
48,48,"[같은 듯, 다른듯한 곳에 내가 서 있었다] 쿠바,인도사진","1,077,000",215,"500,000",28명
49,49,"[HUGH] 휘게, 당신의 순간에 잠시의 휴식을 드릴게요.","720,000",144,"500,000",19명
50,50,"임신중절을 겪은 여성청소년의 이야기, 그림책 <빛이될거야>","1,116,200",111,"1,000,000",39명
51,51,<슬로우 칸쿤> 느릿한 여행을 담은 힐링 일러스트북,"1,811,000",90,"2,000,000",36명
52,52,"일상과 함께하는, '한글 맨투맨'","1,617,000",80,"2,000,000",41명
53,53,보석 내포물 관찰서 <스스로 유일할 것들>,"1,325,000",44,"3,000,000",47명
54,54,나이트런 2022 캘린더,"2,807,000",28,"10,000,000",49명
55,55,"번뇌를 살아가는 우리들, <텡쇠를위하여>","175,000",17,"1,000,000",6명
56,56,<스포츠 마케터로 산다는 것> 스포츠 업계 '리얼 스토리',"3,838,000",383,"1,000,000",73명
57,57,우리가 못난이라고? 진짜배기들의 귀여운 반란,"3,770,500",377,"1,000,000",82명
58,58,이정 작가의 작품집 <불립문자>,"7,766,500",258,"3,000,000",123명
59,59,[스케치업]다양한 방 세트,"742,000",148,"500,000",34명
60,60,"우리 주변의 방 꾸미기, 매거진 <SHOWROOM>","1,573,000",112,"1,400,000",40명
61,61,"책 속, 고요한 산책 <Floating Circle>","1,118,150",111,"1,000,000",30명
62,62,뭐라도 해봐야지 - 비록 우리가 떨어질 때 떨어지더라도,"1,166,000",97,"1,200,000",27명
63,63,드라마 덕후들을 위한 디지털 리뷰 노트<Drama.zip>,"456,000",91,"500,000",30명
64,64,"""우리의 것에 익숙해지다"" 모두의 한복, 면 누비 백배자","3,578,000",71,"5,000,000",25명
65,65,당신의 바다는 어떤 모습인가요 <바다에 관한 예술적 고찰>,"1,137,500",51,"2,200,000",33명
66,66,"10년의 심리상담. 오디오북 <벼랑 끝, 상담>","1,573,000",39,"4,000,000",73명
67,67,익숙함 속의 특별함 '강아지 트럼프카드',"932,000",23,"4,000,000",43명
68,68,보수 개신교 집안 여성들의 이야기 <성경의 딸들>,"1,372,000",274,"500,000",67명
69,69,<옛날 괴물도> 한국전통민화동물 타로 겸용 트럼프 80장,"8,126,000",270,"3,000,000",134명
70,70,"공주들의 발에서 아름답게 반짝이는 구두 ""프린세스 뮬""","1,180,777",236,"500,000",8명
71,71,일상예술 창작공동체 <양말기획>의 책출판 프로젝트,"3,130,000",184,"1,700,000",53명
72,72,백제왕이 숨겨둔 보물을 찾아라!,"1,584,000",158,"1,000,000",45명
73,73,꼼꼼하게 손 바느질한 수제 친환경 인증 소가죽 서류 가방,"1,360,000",151,"900,000",7명
74,74,"2012년 중동에서의 나날, <느슨한 풍경과 촘촘한 것들>","824,000",149,"550,000",30명
75,75,"멀지 않으니까 가끔 놀러 와요, <어제의 바람>","2,711,000",142,"1,900,000",70명
76,76,"봄이 오기 전 사라지는 존재 <눈, 사람>","1,646,000",137,"1,200,000",27명
77,77,메뉴판은 왜 모두 네모일까? 둥글둥글 메뉴판,"624,500",124,"500,000",22명
78,78,버려진 폐현수막의 새로운 쓸모를 찾다. 배너사이클백의 탄생,"612,500",122,"500,000",11명
79,79,"한겨울, 꽃과 나무가 들려주는 숲의 비밀 이야기","932,000",116,"800,000",20명
80,80,"로맨스 판타지를 위한 브러시, 다양한 문양(웹툰,일러 등)","1,163,000",116,"1,000,000",61명
81,81,[디지독 웹툰] 군대 배경 패키지,"988,000",98,"1,000,000",19명
82,82,귀엽고 힙한 Little animal -폰 케이스/스마트톡,"451,000",90,"500,000",12명
83,83,단편영화 <예수 lived in a motel room>,"845,000",84,"1,000,000",13명
84,84,목표는 사연 없는 것처럼 사랑하기. 에세이 <사연 없음>,"1,153,800",57,"2,000,000",34명
85,85,"우리들 모두의 시행착오를 위해, <똥차타고 과속->","960,000",48,"2,000,000",26명
86,86,"외롭지 않은 제각각의 물방울, 창작무용극 <유-영>","591,000",39,"1,500,000",6명
87,87,오늘도 느리게 바다로 향하는 항해일지,"70,000",14,"500,000",4명
88,88,"즉위 전날 현대, 서울로 오게 된 태종 이방원","48,000",9,"500,000",4명
89,89,[비누향수 솝피] 오렌지와 민트로 비누를 만들면?,"1,260,000",252,"500,000",21명
90,90,향기로 써 내려간 이야기 'CONTI' 소이캔들,"1,127,384",225,"500,000",28명
91,91,"스머지레이블이 선보이는 2022년의 시작, OFFON","2,017,000",134,"1,500,000",40명
92,92,[ HOMEBODY ] 집을 사랑하는 우리들의 이야기,"544,300",108,"500,000",14명
93,93,본국무예 -동아시아 무예의 시원은 조선이다-,"950,000",95,"1,000,000",17명
94,94,달리기 에세이 4컷만화 <RUN RUN - 오늘도 달린다>,"603,000",75,"800,000",20명
95,95,2022 데이지플롯 캘린더_1st Project,"631,000",74,"850,000",21명
96,96,"동네고양이들과의 행복한 공존 문화를 만드는 라라, 홀리캣츠","1,248,000",64,"1,950,000",18명
97,97,웹툰과 일러스트를 위한 소재(브러쉬/프레임/문양 등)_로판,"624,000",62,"1,000,000",24명
98,98,"나와의 찐 만남, 하루스캔 만년형 다이어리로 나의 가치찾기","252,900",50,"500,000",7명
99,99,집에서도 쉽게 할 수 있는 도자기클래스'취미한잔' 키트,"505,000",50,"1,000,000",13명
100,100,오래도록 방치된 마음 이대로 괜찮을까?<뺄까?말까?충치!>,"659,000",49,"1,320,000",20명
101,101,DIY 미니블럭과 AR 기술로 즐기는 <나만의 집콕 제주>,"743,000",49,"1,500,000",28명
102,102,"닿지 못할 별을 쫓는 남자, <없을지도 모르는 오아시스>","368,100",36,"1,000,000",34명
103,103,"[스케치업 배경] 대구 시내(동성로)변화가, 도시","364,000",36,"1,000,000",7명
104,104,'포텐독' 굿즈 프로젝트 -카이편-,"1,010,000",33,"3,000,000",31명
105,105,그래픽 디자이너를 위한 모션 그래픽 아트웍 '무빙 매터스',"931,000",31,"3,000,000",43명
106,106,전기 없이 사용하는 우드 스피커 '소리통',"133,000",26,"500,000",3명
107,107,시시소소와 함께 즐거운 겨울을 보내요!,"176,000",17,"1,000,000",7명
108,108,백두산 호랑이가 사라진 이유 <백두산 호랑신 대작전>,"577,000",15,"3,800,000",16명
109,109,중세 판타지 3D 아이템 소재 세트,"4,400,000",880,"500,000",23명
110,110,[웹툰소스] 배경을 업그레이드 시켜줄 판타지 조각상 시리즈,"2,121,000",212,"1,000,000",29명
111,111,세상 모든 애견인을 위한 그림책 <행복한 난이씨>,"1,216,000",202,"600,000",17명
112,112,"트러블 피부, 천연소재에서 답을 찾다. 저자극 세안 꾸러미","867,000",173,"500,000",27명
113,113,개한테 온 마음과 지갑을 뺏긴 <개엄마의 열두 달>,"823,000",164,"500,000",33명
114,114,<책방에서 행복을 찾는 당신에게> 독립서점의 일상을 전해요,"616,100",123,"500,000",34명
115,115,방치되던 방과 나의 변화 <그래도 옷장보단 힘이 세더라!>,"582,500",116,"500,000",38명
116,116,세상의 모든 엄마를 위한그림책 <MAMA>,"2,313,000",115,"2,000,000",13명
117,117,반려동물과의 일상을 기록할 한 권의 책,"970,000",97,"1,000,000",23명
118,118,"모두가 탈 수는 없어, '노아의 방주'","1,915,000",95,"2,000,000",47명
119,119,채채용사를 위해 선인장 가죽으로 만든 [선인장 카드슬롯],"1,863,000",93,"2,000,000",43명
120,120,"코로나 속 도시 밤 풍경, 사진집 <거리와 거리>","855,000",85,"1,000,000",12명
121,121,"여성의 목소리가 세상을 말할 때, <안에서 바깥으로>","1,654,399",82,"2,000,000",69명
122,122,"임원경제지 저자, 풍석 서유구 선생의 삶과 음식 이야기","395,000",79,"500,000",20명
123,123,"옛 여름 속 맛있는 음식 이야기, 하하하! 이야기 사진첩","482,000",64,"750,000",16명
124,124,"사사소소 : 사람과 사람 사이, 소멸하는 소중한 것들","642,500",64,"1,000,000",7명
125,125,"흐르는 시간 속에 머무를 이야기, <시간길목 정류장>","380,000",54,"700,000",21명
126,126,"국제 바리스타의 노하우, 홈카페 메뉴얼 PDF","956,000",31,"3,000,000",31명
127,127,동물가족을 위한 귀여운 선물 ! '반려동물 그릇 & 컵',"464,000",30,"1,500,000",8명
128,128,숫자를 이용하여 그림을 그리자! [드로잉 넘버]!,"1,373,000",27,"5,000,000",50명
129,129,시각장애인 전문음악교육 쇼케이스 : [건호의 금손 찾기],"1,052,000",26,"4,000,000",13명
130,130,당신이 화개 하는 그날까지. 화개원의 화원이가 드립니다.,"1,380,000",23,"6,000,000",21명
131,131,문득 떠오른 일상 고민을 해결해드립니다 [문뜩노트],"237,000",19,"1,200,000",13명
132,132,미래를 보는 인어 '신지끼'의 로맨틱 감성 판타지 드라마,"1,355,000",13,"10,000,000",15명
133,133,이렇게 맛있어도 되나요? 야채와 고기 듬뿍 <춘권과 짜조>,"51,800",10,"500,000",2명
134,134,세계인의 One Pick! 단 하나의 한글 게임 한울 한글,"386,000",5,"7,000,000",11명
135,135,재액을 막는 나만의 경호원 애홍이,"135,000",4,"3,000,000",7명
136,136,학생복 3D 모델링 소재 세트,"2,460,000",492,"500,000",15명
137,137,"채식은 하고 싶은데, 치킨도 먹고 싶다고?","2,287,500",457,"500,000",73명
138,138,"언제, 어디서나, 어떻게 써도 좋은 만능 트레이","1,581,000",316,"500,000",17명
139,139,익숙한 문 너머의 두려움을 담은 문예지 <그불그불> 2호,"2,104,400",212,"990,000",133명
140,0,"여러분의 공간을 지켜줄, 수호신 인센스홀더-수 / SOO","1,991,000",199,"1,000,000",22명
141,1,"전시처럼 즐기는 세계여행, <원곡동 도슨트 여행키트>","981,000",196,"500,000",15명
142,2,아티스트 컨셉 북 시리즈 1 <emitted> by 김호성,"1,730,000",173,"1,000,000",46명
143,3,무뎌지는 것에 대하여 : 무용필름 <오해와 착각>,"1,083,800",144,"750,000",26명
144,4,"죽음을 치료해드립니다, 단편영화 <뷰티풀>","1,275,000",141,"900,000",41명
145,5,내게 무례한 사람의 얼굴이 빨갛게 보인다. 소설 <홍당무>,"688,000",137,"500,000",34명
146,6,버려진 유기동물들이 지켜진 아이들이 되도록:초코송이 굿즈,"2,572,500",128,"2,000,000",74명
147,7,웹툰스케치업 나무 리소스 오브젝트 + 브러쉬 + 배경 세트,"827,500",127,"650,000",13명
148,8,응원 / 사랑 / 우정 메세지를 담은 하나밖에 없는 케이스,"605,600",121,"500,000",14명
149,9,"나를 드러내고 싶은 욕구, 단편영화 <가위>","1,210,000",121,"1,000,000",20명
150,10,"[영어가 두근두근]기왕 배운 영어, 이제, 친구 사귈까?","581,000",116,"500,000",12명
151,11,탄생과 죽음으로부터의 <초대>,"2,200,000",110,"2,000,000",15명
152,12,탁 필하모닉 오케스트라 창단 연주회,"5,185,000",103,"5,000,000",26명
153,13,부모님들의 그 시절. 그들의 볕들던 순간 프로젝트,"1,546,000",103,"1,500,000",14명
154,14,마왕성에 닿아라 - 횡스크롤 RPG,"4,495,000",89,"5,000,000",28명
155,15,"시각 장애인을 공감하는 맨투맨, '손끝으로 바라본 색깔'","438,000",87,"500,000",7명
156,16,꽃 브러쉬와 원본파일 SET,"765,000",76,"1,000,000",26명
157,17,혹시 매일매일을 생일처럼 근사하게 보내볼 생각 있나요?,"1,055,000",70,"1,500,000",24명
158,18,베를린 필름 사진집 Walk slowly in Berlin,"343,000",68,"500,000",11명
159,0,<레이어드 홈_나와 너와 그리고 우리> 프로젝트,"342,000",68,"500,000",14명
160,1,[365_1차] 그 시절 추억의 달동네와 번화가,"677,500",67,"1,000,000",16명
161,2,워너비 콘텐츠 크리에이터 - 지식상품 생산자로 살기,"318,000",63,"500,000",22명
162,3,"그래픽 농사, <격자 재배>","1,222,000",61,"2,000,000",16명
163,4,일상속에 스며들다. '달항아리와 매병 손잡이 컵',"321,000",53,"600,000",5명
164,5,"우리는 모두 자신만의 우주를 가지고 있다, <우주인터뷰>","910,000",45,"2,000,000",26명
165,6,2022 시작은 고양이와 함께하는 홈카페로,"215,000",43,"500,000",5명
166,7,네이버 베도 웹툰 [교수도 사람이다] 굿즈제작,"207,000",41,"500,000",9명
167,8,예술가가 되어보세요! 시민들의 참여전시 <언어의분위기>,"395,000",39,"1,000,000",16명
168,9,"칠곡 할머니들의 유쾌한 반란, 울랄라시스터즈 굿즈","167,000",33,"500,000",3명
169,10,'I am a Fontcreator - 한글' 폰트 만들기,"2,244,000",32,"7,000,000",53명
170,11,홈카페 프리미엄 티크우드 머들러,"156,000",31,"500,000",4명
171,12,장편동화 <별이와 무지개다리> 출간 프로젝트,"3,587,500",31,"11,564,400",37명
172,13,"서두르지 않고 한동안 생각해서 만든 <뜸, 바다> 잡지","149,600",29,"500,000",8명
173,14,건축 엽서북 <Being Architectural>,"145,000",28,"500,000",4명
174,15,"[2022달력] 기묘하고 따뜻한 세계, 바바섬 이야기 달력","289,000",28,"1,000,000",10명
175,16,지구를 위한 제로웨이스트 첫 걸음! 에코월드와 함께 하세요,"144,000",28,"500,000",7명
176,17,지구를 구할 시간,"286,000",28,"1,000,000",14명
177,18,환경도 생각하고 손도 자유롭고 싶을 때 손뜨개 텀블러 백,"156,000",22,"700,000",6명
178,19,동성애자를 이성애자로 바꾸는 약물이 개발된다면 소설 멜팅,"376,000",18,"2,000,000",21명
179,20,띵동~쓰레기배달 왔습니다! 쓰레기를 기다리는 아이들,"177,000",17,"1,000,000",8명
180,21,"[디어마이하] 하트 쿼카, 하쿠! 아이패드&노트북 파우치","168,000",16,"1,000,000",4명
181,22,[여] 관절이 안정적인 3D 액션 피규어,"410,000",13,"3,041,280",11명
182,23,[정통 레트로 코믹북의 부활]실라곤 카툰 EP 01,"391,000",10,"3,700,000",10명
183,24,"나의 여행 MBTI가 궁금해! <오늘, 여행>에서 찾기!","209,000",10,"2,000,000",8명
184,25,"우리 무슨 얘기할까? [우리 사이, 네모 사이]","393,700",10,"3,935,167",23명
185,26,오색찬란한 순간들을 기억하며.,"100,000",10,"1,000,000",1명
186,27,"나를 위해 내가 만드는 2022년, DIY 패브릭 감성달력","48,500",9,"500,000",2명
187,28,"플레잉카드, '탱화'가 애락사","440,000",8,"5,000,000",16명
188,29,직접 제작한 정성 가득 담긴 <감성 반구 스마트톡>,"37,000",7,"500,000",1명
189,30,"일상 속 쉼표, 집에서 즐기는 여행 - 동굴편","36,000",7,"500,000",2명
190,31,영어덜트 어반 판타지 청소년 성장소설 '나는 사라진다.',"69,000",6,"1,000,000",4명
191,32,성공의 흐름에 반대로 가려는 우리들! <내 곁에 트럼펫>,"60,000",6,"900,000",6명
192,33,<동네 책방으로 가다> 사소한 일상의 세밀한 기록,"29,000",5,"500,000",2명
193,34,사람은 새해 다짐만으로 변하지 않는다. [일상 속의 변화],"35,000",5,"700,000",2명
194,35,"한 번쯤 가보고 싶은, <하늘과 물결을 연결하는 다리들>","47,500",4,"1,182,000",3명
195,36,삼총사와 찾아가는 장애인 스포츠세계 <우리들의 금빛 여정>,"100,000",3,"3,000,000",4명
196,37,내몸이 솜털처럼 가벼워진다! 언제 어디서나 온몸괄사안마기!,"149,000",2,"5,000,000",1명
197,38,"내 맘대로 칠하는, 마음을 달래주는 컬러링 캘린더","145,000",2,"5,000,000",1명
198,39,도깨비 친구들을 구슬 속에 담아보세요! : 도깨비 구슬,"258,000",2,"10,000,000",12명
0,0,2022년 신간 <중국통용수어사전> 번역 발간 출시,"30,000",1,"2,000,000",1명
1,1,'사랑'입니다만...?,"5,000",0,"6,000,000",1명
2,2,홍콩여행 사진으로 만든 2022년 엽서형 달력(캘린더),0,0,"500,000",0명
3,3,제대로 화내기 위한 내 감정 돌아보기 <화풀이 노트>,0,0,"500,000",0명
4,4,[미니 결혼식] 결혼식을 닮은 모바일 청첩장,0,0,"3,000,000",0명
5,5,[crow] 나의 작품이 당신의 공간을 특별하게 채우길.,0,0,"2,000,000",0명
6,6,"인테리어 오브제, 'Twinkle' 아크릴 모빌 시리즈",0,0,"500,000",0명
7,7,"자연의 힐링을 더한 물고기 모빌, 컬러 시리즈",0,0,"500,000",0명
8,8,일상을 그리워하는 사람에게 보내는 필름사진 엽서,0,0,"500,000",0명
9,9,"나만의 디자인만들기, 입체아크릴포스터 'Day&Night'",0,0,"500,000",0명
10,10,오늘도 쇼핑을 했다,0,0,"1,000,000",0명
11,11,꿈의 회전목마,0,0,"2,000,000",0명
12,12,"집사의 작은 행동이, 댕댕이 양치질로. 양치 습관 다이어리",0,0,"2,000,000",0명
13,13,연애의 기술 -아낌없이 표현하라-,0,0,"1,000,000",0명
